no,jokae,gekae,pair,name,kikkyo,keyword,meaning
1,一,一,一一,坎為水,×,看病･困窮,忍耐の卦。あせって自分を見失わないことが大切です。
2,一,二,一二,水地比,〇,和合,人と親しむ卦。人と協力し合って良い結果が得られます。
3,一,三,一三,水雷屯,×,妊娠・求児,伸び悩むの時、性急に行動すると失敗します。
4,一,四,一四,水風井,×,—,不満があっても現状維持に努めれば安泰と時。
5,一,五,一五,×,×,×,×
6,一,六,一六,水天小需,△,長引く,希望があるが時間がかかります。待った方が良い。
7,一,七,一七,水沢節,×,渋滞,何事も節度を守って行動する時。過度にならないように。
8,一,八,一八,水山蹇,×,行き悩み,身動きが取れない時。実力者の助けが必要です。
9,一,九,一九,水火既済,△,完成した姿,現状の維持に努めること。油断に注意
10,二,一,二一,地水師,△,闘争,集団の争いの卦。人の先頭に立ち苦労する。協力者を求めよ。
11,二,二,二二,坤為地,〇,平和,従順の意味。地道な努力の積み重ねが成果を上げます。
12,二,三,二三,地雷復,〇,復活,復活の卦。
13,二,四,二四,地風升,〇,昇進・玉の輿,上昇の卦。運気は上昇しますが、時間がかかります。
14,二,五,二五,×,×,×,×
15,二,六,二六,地天泰,◎,安定,安泰・和合の卦。何事も順調に進みます。
16,二,七,二七,地沢臨,◎,希望,希望の卦。運気は上昇中。思い切って行動しましょう。
17,二,八,二八,地山謙,△,求男・浮気,謙虚の意味。何事も目立たずに控えめでいた方がいいでしょう。
18,二,九,二九,地火明夷,×,×,真夜中の卦。光が当たりません。日が昇るのを待ちましょう。
19,三,一,三一,雷水解,△,解消,悪い事が解消するが、良い事もご破算になってしまいます。
20,三,二,三二,雷地予,〇,準備,これまで準備してきた事が実って、喜び楽しむ卦。
21,三,三,三三,震為雷,△,急な驚き,雷鳴の卦。急な驚きごとがありますが実害ではありません。
22,三,四,三四,雷風恒,〇,安定,平穏の卦。油断は禁物、現状維持に努めること。
23,三,五,三五,×,×,×,×
24,三,六,三六,雷天大壮,◎,勢い,勢いが盛んな時。強気になるのは良いが過信しないこと。
25,三,七,三七,雷沢帰妹,×,離別,一時の感情に左右されやすい時。適切かどうかよく考えること。
26,三,八,三八,雷山小過,△,小さい事良い,小さい事は良いが大きい事は無理です。少し控えましょう。
27,三,九,三九,雷火豊,〇,盛運,豊か盛んな意味の卦。運気は盛運だが油断しないように。
28,四,一,四一,風水換,〇,悪縁解消・ロマンス,苦労から解放されるが、良かった事も散ってしまいます。
29,四,二,四二,風地観,△,縁作り,現状をよく観察して本質を探ること。自分を見つめ直す時です。
30,四,三,四三,風雷益,〇,公益,公益の卦。個人の利益よりも皆の利益を優先しましょう。
31,四,四,四四,巽為風,△,風邪,迷いが多い時。迷っているとチャンスは通り過ぎてしまいます。
32,四,五,四五,×,×,×,×
33,四,六,四六,風天小畜,〇,遅れ,少し止まる意味。予定が少し遅れてしまいます。
34,四,七,四七,風沢中孚,◎,仲直り・芸能人の人気,真心の卦。誠意をつくせば心が通じ合います。
35,四,八,四八,風山漸,◎,金運・結婚,徐々に前進する時。順序を守ることが大切です。
36,四,九,四九,風火家人,△,縁作り・金作り,家庭の卦。家庭を大事にしないと家庭問題が起きます。
37,五,一,五一,×,×,×,×
38,五,二,五二,×,×,×,×
39,五,三,五三,×,×,×,×
40,五,四,五四,×,×,×,×
41,五,五,五五,×,×,×,×
42,五,六,五六,×,×,×,×
43,五,七,五七,×,×,×,×
44,五,八,五八,×,×,×,×
45,五,九,五九,×,×,×,×
46,六,一,六一,天水訴,×,争い,争い・口論の卦。争うよりも若いに努めること。
47,六,二,六二,天地否,×,天地バラバラ,八方塞がりの卦。苦労が多いが次第に良くなっていきます。
48,六,三,六三,天雷无妄,×,突発事態,自然の成り行きに任せて、無心でいることが最良です。
49,六,四,六四,天風姤,△,偶然の出会い,出会いの卦。予期しない出来事や偶然の出会いがあります。
50,六,五,六五,×,×,×,×
51,六,六,六六,乾為天,〇,強すぎる,運気は勢いがありますが、やり過ぎに注意。
52,六,七,六七,天沢履,△,危険,危険。慎重かつ礼儀正しく行動して危険を避けよ。
53,六,八,六八,天山遯,×,退く,逃れる、退くの意味。身を引いて次の機会を待ちましょう。
54,六,九,六九,天火同人,〇,よき友人,良き友人と出会います。人と共同で行動すれば良い結果となります。
55,七,一,七一,沢水困,×,困難,困難の卦。人からの誤解に注意。前向きに考えることが大切。
56,七,二,七二,沢地翠,〇,集まる,者や人が集まる賑やかな卦。友達も増えるがライバルも増えます。
57,七,三,七三,沢雷随,△,従う,世の中の流れや周囲の動きに逆らわず、従った方が良い卦。
58,七,四,七四,沢風大過,×,妬み,荷が重すぎて身動きとれない卦。身のほどをわきまえること。
59,七,五,七五,×,×,×,×
60,七,六,七六,沢天夬,×,決断,決断の卦。あせりは禁物。じっくりと吟味してから決めましょう。
61,七,七,七七,兌為沢,〇,金縁・娯楽,喜びの卦。小さいな喜びがあるが、不平不満もあります。
62,七,八,七八,沢山咸,〇,恋愛,恋愛の卦。気持ちが通じ合う時。早めの行動が大切です。
63,七,九,七九,沢火革,〇,腐れ縁の清算,改革の卦。古いものへのこだわりを捨て、思い切って変わる時。
64,八,一,八一,山水蒙,△,五里霧中,先がはっきり見えず迷いやすい時。良き指導者を探しましょう。
65,八,二,八二,山地剥,×,剥奪,足元が不安定で崩れそうです。耐えて時期を待ちましょう。
66,八,三,八三,山雷頣,△,飲食後の盛運,繰りは災いの元。言葉遣いには注意が必要。食べ過ぎにも注意。
67,八,四,八四,山風蠱,×,中年女の縁作り,腐敗・破れの卦。ほっておくと悪化する早期の対処が必要。
68,八,五,八五,×,×,×,×
69,八,六,八六,山天大畜,〇,良縁・財運,チャンスは近い。焦らずにじっくりと実力を養うこと。
70,八,七,八七,山沢損,×,減少（良くも悪くも）,損失の卦。将来のために投資（損）をする時です。
71,八,八,八八,艮為山,×,停止,停滞の卦。山のように不動の精神でいること。
72,八,九,八九,山火賁,△,宣伝効果,虚飾の卦。外見は派手だが内実は苦しい。外見に惑わされるな。
73,九,一,九一,火水未済,△,時期尚早,未完成の卦。最後までやり遂げましょう。
74,九,二,九二,火地晋,◎,ツキを呼び込む,前進の卦。積極的に前へ進みましょう。
75,九,三,九三,火雷噬嗑,△,大金運・大良運,邪魔や障害があるが、それをどかして初めて目標を達成できます。
76,九,四,九四,火沢鼎,〇,三人で協力,３人で協力し合うと良い結果が得れます。
77,九,五,九五,×,×,×,×
78,九,六,九六,火天大有,◎,大盛運,運気は盛んな時です。物質運にも恵まれ臨時収入のチャンスです。
79,九,七,九七,火沢睽,×,争い,お互いに背き合う意味の卦。内輪もめに注意。
80,九,八,九八,火山旅,△,孤独,旅人の卦。一人旅のように孤独を感じる時。行動は慎重に。
81,九,九,九九,離為火,△,感情的になる,移り気に注意。目的は一つに絞り込むこと。文章のミスに注意。
